{"T5BWVI6cH/tGBztoPyzSfg==":"slider-1-1061x563.jpg","JEHL9FAauGNgxhSVdD28ZA==":"slider-2-708x375.jpg","MgKyJJL5yThiLiyyPbjb3A==":"slider-3-850x376.jpg","s8XdJjqVi9/b0FN5/y5P5A==":"omega%20express%20logo-192x156.png","XCtCcd7mqB//AlBEaM4ZYg==":"main-bg-1920x810.jpg","NuIiXqJGNyDNUHmnh/H3Vw==":"main-bg2-2000x1000.jpg","o5BJOjIRFncKIHtSXFG1GA==":"main-bg3-1920x1080.jpg","AlV5rUDTLEUkXcejELSyJw==":"client1-240x128.png","kSeNXN00APRMegpGiQC0kQ==":"client2-300x160.png","dIPqacvKq62UULGTtj0Dnw==":"client3-300x160.png","HqZDAF13QSQ/CiqMixa/SA==":"client4-300x160.png","A4KHq2M6rHP+N8ECPHDrZA==":"client5-300x160.png","WD0oxllWkESy7d00XgIJHw==":"client6-240x128.png","zbPsB4kQwT4P2cJyu4Tgdg==":"client7-300x160.png","Z5hBtt2/JWb7npgzsYpB7g==":"client8-300x160.png","1wJXF4uINj27Yket6rFVAg==":"client9-300x160.png","pUAjD1SclP5RPcVZgD3G6g==":"client11-300x160.png","7JiyITLAFU2gp9fGc96saQ==":"client13-300x160.png","nByGrvOmN+C7DScQGmO4/w==":"client14-300x160.png"}